{
    "Total ROI (%)": -19.412285223154644,
    "Max Drawdown (%)": 25.794256972354603,
    "Sharpe Ratio": -0.027560411103314055,
    "Symbol ROI (%)": {
        "BTCUSDT": -21.48714935592065,
        "ETHUSDT": -0.6916775077831995
    },
    "Trade Efficiency (%)": 39.90245862808823,
    "Trade Distribution": {
        "BTCUSDT": 49.86883525708289,
        "ETHUSDT": 50.1311647429171
    },
    "Profit Attribution": {
        "BTCUSDT": -1148.0057913741066,
        "ETHUSDT": -165.40617396346173
    }
}