{
    "ROI (%)": 35.605197602166236,
    "Max Drawdown (%)": 34.88742413691238,
    "Sharpe Ratio": 0.004380013625951404,
    "Win Rate (%)": 7.502227502227503,
    "Profit Factor": 1.0120768898862074,
    "Average Trade Return (%)": 0.06524810556697017,
    "Average Win (%)": 72.88465099567199,
    "Average Loss (%)": -64.18832911101889
}