{
    "ROI (%)": 154.39788950844172,
    "Max Drawdown (%)": 17.08045366271652,
    "Sharpe Ratio": 0.009093977473719764,
    "Win Rate (%)": 14.163090128755366,
    "Profit Factor": 1.6258941473144877,
    "Average Trade Return (%)": 8.991019705960541,
    "Average Win (%)": 164.90822148532683,
    "Average Loss (%)": -219.47958803455597
}