{
    "ROI (%)": 1.0892472551912797,
    "Max Drawdown (%)": 35.31895201807935,
    "Sharpe Ratio": 0.00038071594908083416,
    "Win Rate (%)": 19.25465838509317,
    "Profit Factor": 0.9149952517102634,
    "Average Trade Return (%)": -4.675732507753818,
    "Average Win (%)": 261.39031652186657,
    "Average Loss (%)": -276.74664831019464
}