{
    "ROI (%)": 81.50673655534274,
    "Max Drawdown (%)": 26.197707265050862,
    "Sharpe Ratio": 0.0056402968297311305,
    "Win Rate (%)": 17.25663716814159,
    "Profit Factor": 1.3906898276640747,
    "Average Trade Return (%)": 20.830371244866296,
    "Average Win (%)": 429.67394225841076,
    "Average Loss (%)": -325.66540126319563
}