{
    "ROI (%)": 41.33470217183812,
    "Max Drawdown (%)": 34.36619705151735,
    "Sharpe Ratio": 0.004825833001692593,
    "Position Efficiency (%)": 1.0156941966993282e-07,
    "Trade Utilization (%)": 54.47859500647626,
    "Profit Attribution": {
        "BTCUSDT": 16.670110144761562
    }
}