{
    "ROI (%)": 69.85605728527999,
    "Max Drawdown (%)": 24.967868613277027,
    "Sharpe Ratio": 0.005916055079428318,
    "Position Efficiency (%)": 8.260321935733145e-05,
    "Trade Utilization (%)": 53.95516678615044,
    "Profit Attribution": {
        "BTCUSDT": 213.96657509234885
    }
}